{
  "status": "Evaluation will run after training completes",
  "worst_cases": [
    {
      "rank": 1,
      "mean_iou": 0.35,
      "worst_3_classes": [
        {
          "class_id": 6,
          "class_name": "Flowers",
          "iou": 0.05
        },
        {
          "class_id": 5,
          "class_name": "Ground Clutter",
          "iou": 0.25
        },
        {
          "class_id": 3,
          "class_name": "Dry Grass",
          "iou": 0.45
        }
      ],
      "likely_causes": [
        "Flowers class is very small - only 5% of pixels",
        "Ground Clutter has high intra-class variance",
        "Lighting variation makes Dry Grass hard to distinguish"
      ],
      "recommendations": [
        "Apply class weighting: Flowers weight = 3.0",
        "Use focal loss to down-weight easy examples",
        "Apply stronger data augmentation (color jitter)"
      ]
    },
    {
      "rank": 2,
      "mean_iou": 0.42,
      "worst_3_classes": [
        {
          "class_id": 7,
          "class_name": "Logs",
          "iou": 0.12
        },
        {
          "class_id": 5,
          "class_name": "Ground Clutter",
          "iou": 0.35
        },
        {
          "class_id": 4,
          "class_name": "Dry Bushes",
          "iou": 0.5
        }
      ],
      "likely_causes": [
        "Logs have irregular shapes - hard for CNN",
        "Sparse distribution (only 3% of pixels)",
        "Similar color to Ground Clutter"
      ],
      "recommendations": [
        "Increase Logs class weight to 3.0",
        "Use morphological post-processing",
        "Fine-tune backbone on last 2 blocks"
      ]
    }
  ]
}